id	PositiveTail 1	PositiveTail 2	PositiveTail 3	PositiveTail 4	PositiveTail 5	PositiveTail 6	PositiveTail 7	PositiveTail 8	PositiveTail 9	PositiveTail 10	PositiveTail 11	PositiveTail 12
14568477-14568477_analysis_0	0	0	0	1	0	1	0	0	0	0	0	0
14568477-14568477_analysis_1	0	1	0	0	0	0	0	0	0	0	0	0
14568477-14568477_analysis_2	0	0	0	0	0	0	0	0	0	0	0	0
14568477-14568477_analysis_3	0	0	0	2	0	0	0	0	0	0	0	0
14980212-14980212_analysis_0	1	2	0	0	0	0	0	0	0	0	0	0
14980212-14980212_analysis_1	2	2	0	0	0	0	0	0	0	0	0	0
14980212-14980212_analysis_2	0	0	0	0	0	0	0	0	0	0	0	0
14980212-14980212_analysis_3	4	1	0	1	0	0	0	0	0	0	0	0
15006683-15006683_analysis_0	1	2	0	0	1	0	0	0	0	0	0	0
15488424-15488424_analysis_0	1	1	0	0	0	1	0	0	0	0	0	0
15488424-15488424_analysis_1	2	1	0	0	0	1	0	0	0	0	0	0
15488424-15488424_analysis_2	0	0	2	0	1	0	0	0	0	0	0	0
15488424-15488424_analysis_3	0	1	0	0	1	0	0	0	0	0	0	0
15528097-15528097_analysis_0	0	1	0	0	2	0	0	0	0	0	0	0
15808992-15808992_analysis_0	0	0	0	1	0	0	0	0	0	0	0	0
15808992-15808992_analysis_1	0	1	1	1	1	0	0	0	0	0	0	0
16035037-16035037_analysis_0	0	0	1	1	1	0	0	0	0	0	0	0
16035037-16035037_analysis_1	0	2	0	1	0	0	0	0	0	0	0	0
16035037-16035037_analysis_2	2	0	0	1	0	0	0	0	0	0	0	0
16035037-16035037_analysis_3	0	0	0	0	0	0	0	0	0	0	0	0
16035037-16035037_analysis_4	0	1	0	0	1	0	0	0	0	0	0	0
16055351-16055351_analysis_0	0	1	0	2	0	0	0	0	0	0	0	0
16055351-16055351_analysis_1	0	1	0	0	0	0	0	0	0	0	0	0
16055351-16055351_analysis_2	1	0	1	1	0	0	0	0	0	0	0	0
16055351-16055351_analysis_3	1	1	0	0	1	0	0	0	0	0	0	0
16055351-16055351_analysis_4	0	0	1	0	0	0	0	0	0	0	0	0
16055351-16055351_analysis_5	0	1	0	0	0	0	0	0	0	0	0	0
16055351-16055351_analysis_6	0	0	1	1	1	0	0	0	0	0	0	0
16122944-16122944_analysis_0	0	2	1	0	0	0	0	0	0	0	0	0
16122944-16122944_analysis_1	0	1	0	0	1	0	0	0	0	0	0	0
16122944-16122944_analysis_2	0	1	0	1	0	0	0	0	0	0	0	0
16122944-16122944_analysis_3	0	0	0	0	0	0	0	0	0	0	0	0
16122944-16122944_analysis_4	1	0	0	1	1	0	0	0	0	0	0	0
16171833-16171833_analysis_0	0	0	0	0	2	0	0	0	0	0	0	0
16171833-16171833_analysis_1	1	2	0	2	0	0	0	0	0	0	0	0
16171833-16171833_analysis_2	0	0	0	0	1	0	0	0	0	0	0	0
16171833-16171833_analysis_3	0	2	0	1	1	0	0	0	0	0	0	0
16171833-16171833_analysis_4	0	0	0	0	1	0	0	0	0	0	0	0
16171833-16171833_analysis_5	0	1	0	0	0	0	0	0	0	0	0	0
16406606-16406606_analysis_0	0	2	0	1	0	0	0	0	0	0	0	0
16406606-16406606_analysis_1	0	0	0	0	0	0	0	0	0	0	0	0
16759672-16759672_analysis_0	0	1	0	0	1	0	0	0	0	0	0	0
16759672-16759672_analysis_1	0	0	0	2	0	0	0	0	0	0	0	0
16759672-16759672_analysis_2	0	0	0	2	0	0	0	0	0	0	0	0
17071110-17071110_analysis_0	1	1	0	2	0	0	0	0	0	0	0	0
17071110-17071110_analysis_1	0	0	0	0	0	0	0	0	0	0	0	0
17071110-17071110_analysis_2	2	2	0	1	0	0	0	0	0	0	0	0
17408704-17408704_analysis_0	1	0	0	0	0	0	1	0	0	0	0	0
17408704-17408704_analysis_1	0	0	0	0	0	0	0	0	0	0	0	0
17408704-17408704_analysis_2	1	1	0	1	0	0	0	0	0	0	0	0
17627852-17627852_analysis_0	0	1	0	2	0	0	0	0	0	0	0	0
17627852-17627852_analysis_1	0	1	0	2	0	0	0	0	0	0	0	0
17627852-17627852_analysis_2	0	2	0	0	1	0	0	0	0	0	0	0
17627852-17627852_analysis_3	0	0	1	0	1	0	0	0	0	0	0	0
17964185-17964185_analysis_0	1	2	0	0	1	0	1	0	0	0	0	0
18486491-18486491_analysis_0	1	2	1	1	1	1	0	0	0	0	0	0
18486491-18486491_analysis_1	1	3	0	2	1	0	0	0	0	0	0	0
18486491-18486491_analysis_2	0	0	0	0	0	0	0	0	0	0	0	0
18486491-18486491_analysis_3	2	1	0	0	0	0	0	0	0	0	0	0
18501639-18501639_analysis_0	0	0	0	0	0	0	0	0	0	0	0	0
18501639-18501639_analysis_1	1	0	0	1	0	0	0	0	0	0	0	0
18501639-18501639_analysis_10	0	0	0	0	2	0	0	0	0	0	0	0
18501639-18501639_analysis_11	0	0	0	1	0	0	0	0	0	0	0	0
18501639-18501639_analysis_12	0	0	2	0	2	0	0	0	0	0	0	0
18501639-18501639_analysis_13	0	0	0	0	0	0	0	0	0	0	0	0
18501639-18501639_analysis_14	0	0	0	0	0	0	0	0	0	0	0	0
18501639-18501639_analysis_2	0	0	0	0	0	0	0	0	0	0	0	0
18501639-18501639_analysis_3	0	0	0	0	0	0	0	0	0	0	0	0
18501639-18501639_analysis_4	0	0	0	0	0	0	0	0	0	0	0	0
18501639-18501639_analysis_5	0	1	0	0	0	0	0	0	0	0	0	0
18501639-18501639_analysis_6	0	0	0	0	0	0	0	0	0	0	0	0
18501639-18501639_analysis_7	0	0	0	0	0	0	0	0	0	0	0	0
18501639-18501639_analysis_8	0	0	0	0	0	0	0	0	0	0	0	0
18501639-18501639_analysis_9	0	0	0	0	0	0	0	0	0	0	0	0
18514546-18514546_analysis_0	2	5	1	1	1	1	0	0	0	0	0	0
18514546-18514546_analysis_1	1	3	0	1	1	1	0	0	0	0	0	0
18514546-18514546_analysis_2	1	1	0	1	0	0	0	0	0	0	0	0
18514546-18514546_analysis_3	1	0	0	1	0	0	0	0	0	0	0	0
18514546-18514546_analysis_4	0	1	0	0	0	0	0	0	0	0	0	0
18514546-18514546_analysis_5	1	0	0	0	0	0	0	0	0	0	0	0
18537114-18537114_analysis_0	2	0	0	0	1	0	1	0	0	0	0	0
18537114-18537114_analysis_1	1	1	0	0	1	0	0	0	0	0	0	0
18537114-18537114_analysis_2	1	1	0	0	1	0	1	0	0	0	0	0
18603608-18603608_analysis_0	0	2	0	1	0	0	0	0	0	0	0	0
18603608-18603608_analysis_1	0	1	0	0	0	0	0	0	0	0	0	0
18633788-18633788_analysis_0	0	4	0	0	1	0	0	0	0	0	0	0
18633788-18633788_analysis_1	0	0	0	3	0	0	0	0	0	0	0	0
18633788-18633788_analysis_10	2	3	0	0	0	0	0	0	0	0	0	0
18633788-18633788_analysis_11	0	0	0	0	0	0	0	0	0	0	0	0
18633788-18633788_analysis_12	0	0	0	0	0	0	1	0	0	0	0	0
18633788-18633788_analysis_13	1	0	1	0	1	0	0	0	0	0	0	0
18633788-18633788_analysis_2	0	2	0	0	1	0	0	0	0	0	0	0
18633788-18633788_analysis_3	0	0	0	0	1	0	0	0	0	0	0	0
18633788-18633788_analysis_4	0	0	0	0	0	0	0	0	0	0	0	0
18633788-18633788_analysis_5	0	1	0	1	0	0	0	0	0	0	0	0
18633788-18633788_analysis_6	0	0	0	0	0	0	0	0	0	0	0	0
18633788-18633788_analysis_7	0	0	0	0	0	0	0	0	0	0	0	0
18633788-18633788_analysis_8	0	0	0	0	0	0	0	0	0	0	0	0
18633788-18633788_analysis_9	0	0	0	0	0	0	0	0	0	0	0	0
18633834-18633834_analysis_0	0	1	0	1	1	0	0	0	0	0	1	0
18633834-18633834_analysis_1	0	1	0	1	0	0	0	0	0	0	1	0
18633834-18633834_analysis_2	0	0	0	0	0	0	0	0	0	0	0	0
18633834-18633834_analysis_3	1	0	0	1	0	0	0	0	0	0	0	0
18633834-18633834_analysis_4	1	0	0	2	1	0	0	0	0	0	0	0
18633834-18633834_analysis_5	0	0	0	0	0	0	0	0	0	0	0	0
18633846-18633846_analysis_0	0	3	1	0	0	0	0	0	0	0	0	0
18633846-18633846_analysis_1	1	0	0	1	0	0	1	0	0	0	0	0
18633846-18633846_analysis_2	0	0	0	0	0	0	0	0	0	0	0	0
18633856-18633856_analysis_0	3	2	0	4	0	0	0	0	0	0	0	0
18633856-18633856_analysis_1	0	0	0	1	0	0	0	0	0	0	0	0
18783371-18783371_analysis_0	0	2	0	0	1	0	0	0	0	0	0	0
19048432-19048432_analysis_0	0	0	0	3	0	0	0	0	0	0	0	0
19048432-19048432_analysis_1	0	0	0	1	0	0	0	0	0	0	0	0
19048432-19048432_analysis_2	0	0	0	0	0	0	0	0	0	0	0	0
19048432-19048432_analysis_3	0	1	0	0	0	0	0	0	0	0	0	0
19048432-19048432_analysis_4	1	1	0	0	0	0	0	0	0	0	0	0
19048432-19048432_analysis_5	0	0	0	0	0	0	0	0	0	0	0	0
19048432-19048432_analysis_6	0	0	0	0	0	0	0	0	0	0	0	0
19107754-19107754_analysis_0	0	0	0	0	0	0	0	0	0	0	0	0
19107754-19107754_analysis_1	0	0	0	0	0	0	0	0	0	0	0	0
19107754-19107754_analysis_2	0	0	0	0	1	0	0	0	0	0	0	0
19107754-19107754_analysis_3	1	2	0	1	1	0	0	0	0	0	0	0
19107754-19107754_analysis_4	0	0	0	1	1	0	0	0	0	0	0	0
19107754-19107754_analysis_5	0	1	0	1	1	0	0	0	0	0	0	0
19347874-19347874_analysis_0	0	2	0	2	0	0	1	0	0	0	0	0
19347874-19347874_analysis_1	0	2	0	0	0	0	0	0	0	0	0	0
19347874-19347874_analysis_2	0	0	0	0	0	0	0	0	0	0	0	0
19347874-19347874_analysis_3	0	0	0	0	0	0	0	0	0	0	0	0
19347874-19347874_analysis_4	0	2	0	0	0	0	0	0	0	0	0	0
19439183-19439183_analysis_0	1	5	0	2	4	1	0	0	1	0	0	0
19439183-19439183_analysis_1	1	2	0	5	3	0	0	0	0	0	0	0
19439183-19439183_analysis_2	0	0	0	0	0	0	0	0	0	0	0	0
19439183-19439183_analysis_3	0	0	0	0	0	0	0	0	0	0	0	0
19439183-19439183_analysis_4	2	1	0	5	2	0	0	0	0	0	0	0
19439183-19439183_analysis_5	1	1	0	0	1	0	0	0	0	0	0	0
19439183-19439183_analysis_6	1	1	0	0	1	0	0	0	0	0	0	0
19439183-19439183_analysis_7	0	1	0	0	1	0	0	0	0	0	0	0
19439183-19439183_analysis_8	1	2	0	1	0	0	0	0	0	0	0	0
19733672-19733672_analysis_0	0	0	1	1	0	0	0	0	0	0	0	0
19733672-19733672_analysis_1	0	1	1	0	1	0	0	0	0	0	0	0
19733672-19733672_analysis_2	2	1	1	2	0	1	0	0	0	0	0	0
19733672-19733672_analysis_3	1	2	0	4	0	0	0	0	0	0	0	0
19733672-19733672_analysis_4	1	0	1	2	0	0	0	0	0	0	0	0
19733672-19733672_analysis_5	1	0	1	0	1	1	0	0	0	0	0	0
19944083-19944083_analysis_0	0	2	0	0	2	0	0	0	0	0	0	0
19944083-19944083_analysis_1	0	0	0	0	0	0	0	0	0	0	0	0
19944083-19944083_analysis_2	1	1	1	2	1	0	0	0	0	0	0	0
20045478-20045478_analysis_0	1	3	1	0	1	0	0	1	0	0	0	0
20045478-20045478_analysis_1	2	3	1	1	3	0	0	0	0	0	0	0
20045478-20045478_analysis_2	1	1	0	0	0	0	0	0	0	0	0	0
20045478-20045478_analysis_3	0	1	1	2	0	0	0	0	0	0	0	0
20056152-20056152_analysis_0	1	0	0	0	0	0	0	0	0	0	0	0
20056152-20056152_analysis_1	1	3	0	1	0	0	0	0	0	0	0	0
20096792-20096792_analysis_0	2	3	0	3	2	0	1	0	0	0	0	0
20096792-20096792_analysis_1	0	0	0	0	0	0	0	0	0	0	0	0
20096792-20096792_analysis_2	1	2	0	4	0	0	0	0	0	0	0	0
20096792-20096792_analysis_3	0	0	0	0	0	0	0	0	0	0	0	0
20119878-20119878_analysis_0	2	0	0	0	0	0	0	0	0	0	0	0
20119878-20119878_analysis_1	0	0	0	1	0	0	0	0	0	0	0	0
20119878-20119878_analysis_2	0	0	0	0	0	0	0	0	0	0	0	0
20119878-20119878_analysis_3	0	0	0	0	0	0	0	0	0	0	0	0
20188182-20188182_analysis_0	2	1	0	0	3	0	0	0	0	0	0	0
20188190-20188190_analysis_0	1	2	0	0	1	0	0	0	0	0	0	0
20188190-20188190_analysis_1	1	1	0	1	1	1	0	0	0	0	0	0
20188190-20188190_analysis_2	1	2	1	0	2	0	0	0	0	0	0	0
20188190-20188190_analysis_3	0	0	0	0	0	0	0	0	0	0	0	0
20188190-20188190_analysis_4	1	1	1	1	2	1	0	0	0	0	0	0
20188190-20188190_analysis_5	0	0	0	0	1	0	0	0	0	0	0	0
20188190-20188190_analysis_6	1	0	0	0	1	0	0	0	0	0	0	0
21206532-21206532_analysis_0	0	6	0	2	0	0	0	0	0	0	0	0
21249224-21249224_analysis_0	2	5	0	2	3	1	0	0	0	0	0	0
21320516-21320516_analysis_0	0	1	1	0	3	0	0	0	0	0	0	0
21320516-21320516_analysis_1	0	0	0	0	2	0	0	0	0	0	0	0
21600991-21600991_analysis_0	0	0	0	0	1	0	0	0	0	0	0	0
21600991-21600991_analysis_1	0	0	0	0	1	0	0	1	0	0	0	0
21703352-21703352_analysis_0	0	1	0	0	1	0	0	0	0	0	0	0
21703352-21703352_analysis_1	0	1	0	2	0	0	0	0	0	0	0	0
21703352-21703352_analysis_2	0	1	0	0	1	0	0	0	0	0	0	0
21955370-21955370_analysis_0	1	0	0	2	1	1	0	0	0	0	0	0
21955370-21955370_analysis_1	0	0	0	0	0	0	0	0	0	0	0	0
21955370-21955370_analysis_2	1	0	0	2	3	0	0	0	0	0	0	0
21955370-21955370_analysis_3	0	0	0	0	0	0	0	0	0	0	0	0
21955370-21955370_analysis_4	1	0	0	0	0	0	0	0	0	0	0	0
21955370-21955370_analysis_5	0	0	0	0	0	0	0	0	0	0	0	0
22019860-22019860_analysis_0	0	1	0	4	0	0	0	0	0	0	0	0
22019860-22019860_analysis_1	0	0	0	2	0	0	0	0	0	0	0	0
22174872-22174872_analysis_0	1	2	0	1	0	0	0	0	0	0	0	0
22174872-22174872_analysis_1	1	1	0	0	1	1	0	0	0	0	0	0
22174872-22174872_analysis_2	1	1	0	1	1	0	0	0	0	0	0	0
22726841-22726841_analysis_0	0	0	0	0	1	0	0	0	0	0	0	0
22726841-22726841_analysis_1	1	1	0	0	1	0	0	0	0	0	0	0
22726841-22726841_analysis_2	0	0	0	0	1	0	0	0	0	0	0	0
22726841-22726841_analysis_3	0	0	0	0	1	0	0	0	0	0	0	0
22726841-22726841_analysis_4	0	0	0	1	1	0	0	0	0	0	0	0
22841755-22841755_analysis_0	0	0	0	0	0	0	0	0	0	0	0	0
22841755-22841755_analysis_1	0	0	0	0	0	0	0	0	0	0	0	0
23063451-23063451_analysis_0	0	0	0	0	0	0	0	0	0	0	0	0
23063451-23063451_analysis_1	0	2	0	1	1	1	0	0	0	0	0	0
23063451-23063451_analysis_2	2	0	0	0	1	0	0	0	0	0	0	0
23063451-23063451_analysis_3	0	0	0	0	0	0	0	0	0	0	0	0
23063451-23063451_analysis_4	0	0	0	0	0	0	0	0	0	0	0	0
23063451-23063451_analysis_5	0	0	0	0	0	0	0	0	0	0	0	0
23063451-23063451_analysis_6	0	1	0	1	2	0	0	0	0	0	0	0
23221019-23221019_analysis_0	1	0	0	0	0	1	0	0	0	0	0	0
23221019-23221019_analysis_1	0	0	0	0	0	1	0	0	0	0	0	0
23221019-23221019_analysis_2	0	1	0	0	0	0	0	0	0	0	0	0
23221019-23221019_analysis_3	0	1	0	0	1	0	0	0	0	0	0	0
23221019-23221019_analysis_4	0	1	0	0	2	0	0	0	0	0	0	0
23298748-23298748_analysis_0	2	1	0	0	0	0	0	0	0	0	0	0
23298748-23298748_analysis_1	0	1	0	0	0	1	0	0	0	0	0	0
23298748-23298748_analysis_2	2	1	0	0	1	0	0	0	0	0	0	0
23378834-23378834_analysis_0	2	3	0	3	0	0	0	0	0	0	0	0
23378834-23378834_analysis_1	1	2	0	2	1	0	0	0	0	0	0	0
23378834-23378834_analysis_10	2	1	1	1	0	0	0	0	0	0	0	0
23378834-23378834_analysis_11	0	0	0	0	0	0	0	0	0	0	0	0
23378834-23378834_analysis_12	3	0	0	2	0	0	0	0	0	0	0	0
23378834-23378834_analysis_13	0	2	1	1	1	0	0	0	0	0	0	0
23378834-23378834_analysis_14	0	0	0	0	0	0	0	0	0	0	0	0
23378834-23378834_analysis_2	1	5	1	5	1	0	0	0	0	0	0	0
23378834-23378834_analysis_3	0	3	1	1	2	0	1	0	0	0	0	0
23378834-23378834_analysis_4	0	0	2	0	0	0	0	0	0	0	0	0
23378834-23378834_analysis_5	0	0	0	1	0	0	0	1	0	0	0	0
23378834-23378834_analysis_6	0	0	0	0	0	0	0	0	0	0	0	0
23378834-23378834_analysis_7	0	0	1	2	1	0	0	0	0	0	0	0
23378834-23378834_analysis_8	0	0	1	1	0	0	0	0	0	0	0	0
23378834-23378834_analysis_9	0	0	1	1	1	0	0	1	0	0	0	0
23599165-23599165_analysis_0	1	1	0	1	1	0	0	0	0	0	0	0
23599165-23599165_analysis_1	0	0	0	0	0	0	0	0	0	0	0	0
23599165-23599165_analysis_2	0	0	1	0	1	0	0	0	0	0	0	0
23599165-23599165_analysis_3	0	0	0	0	0	0	0	0	0	0	0	0
23599165-23599165_analysis_4	0	1	0	0	0	0	0	0	0	0	0	0
23599165-23599165_analysis_5	0	0	0	0	1	0	0	0	0	0	0	0
23599165-23599165_analysis_6	2	1	0	0	1	0	0	0	0	0	0	0
23599165-23599165_analysis_7	0	0	0	1	0	0	0	0	0	0	0	0
23667619-23667619_analysis_0	0	1	1	0	1	0	0	0	0	0	0	0
23667619-23667619_analysis_1	0	0	0	1	0	0	0	0	0	0	0	0
23667619-23667619_analysis_2	1	1	0	0	0	0	0	0	0	0	0	0
23667619-23667619_analysis_3	2	0	0	1	1	0	0	0	0	0	0	0
23684882-23684882_analysis_0	2	1	0	2	1	0	0	0	0	0	0	0
23684882-23684882_analysis_1	0	0	0	0	0	0	0	0	0	0	0	0
23722983-23722983_analysis_0	0	0	1	0	1	0	0	0	0	0	0	0
23722983-23722983_analysis_1	0	1	0	1	0	0	0	0	0	0	0	0
23722983-23722983_analysis_2	0	1	0	1	0	0	0	0	0	0	0	0
23813661-23813661_analysis_0	3	6	0	3	2	0	0	0	0	0	0	0
23813661-23813661_analysis_1	2	5	0	3	0	0	0	0	0	0	0	0
23813661-23813661_analysis_2	0	1	1	1	0	0	0	0	0	0	0	0
23813661-23813661_analysis_3	0	2	0	0	0	0	0	0	0	0	0	0
23813661-23813661_analysis_4	0	0	0	0	0	0	0	0	0	0	0	0
24243619-24243619_analysis_0	0	1	0	1	1	0	0	0	0	0	0	0
24243619-24243619_analysis_1	0	3	0	2	0	0	0	0	0	0	0	0
24243619-24243619_analysis_2	0	1	2	0	0	0	0	0	0	0	0	0
24294841-24294841_analysis_0	0	3	0	2	0	0	0	0	0	0	0	0
24294841-24294841_analysis_1	0	1	1	4	1	0	0	0	0	0	0	0
24294841-24294841_analysis_2	0	0	0	3	0	0	0	0	0	0	0	0
24294841-24294841_analysis_3	0	0	0	1	0	0	0	0	0	0	0	0
24294841-24294841_analysis_4	0	0	0	0	0	0	0	0	0	0	0	0
24294841-24294841_analysis_5	0	0	0	0	0	0	0	0	0	0	0	0
24294841-24294841_analysis_6	0	0	0	0	0	0	0	0	0	0	0	0
24294841-24294841_analysis_7	0	0	0	0	0	0	0	0	0	0	0	0
24294906-24294906_analysis_0	1	0	2	0	1	0	0	0	0	0	0	0
24294906-24294906_analysis_1	0	0	0	0	1	0	0	0	0	0	0	0
24414614-24414614_analysis_0	0	0	0	1	0	0	0	0	0	0	0	0
24414614-24414614_analysis_1	0	0	0	1	0	0	0	0	0	0	0	0
24414614-24414614_analysis_2	2	2	0	2	0	0	0	0	0	0	0	0
24414614-24414614_analysis_3	0	0	0	0	0	0	0	0	0	0	0	0
24414614-24414614_analysis_4	0	4	0	2	0	0	0	0	0	0	0	0
24414614-24414614_analysis_5	0	0	0	0	1	0	0	0	0	0	0	0
24414614-24414614_analysis_6	0	2	0	1	1	0	0	0	0	0	0	0
24462962-24462962_analysis_0	1	0	0	1	0	0	0	0	0	0	0	0
24582805-24582805_analysis_0	1	4	0	1	0	0	0	0	0	0	0	0
24582805-24582805_analysis_1	1	3	2	0	3	0	0	0	0	0	0	0
24582805-24582805_analysis_2	0	0	0	0	0	0	0	0	0	0	0	0
24582805-24582805_analysis_3	1	2	1	2	1	0	1	0	0	0	0	0
24582805-24582805_analysis_4	0	0	0	0	0	0	0	0	0	0	0	0
24582805-24582805_analysis_5	0	0	1	0	0	0	0	0	0	0	0	0
24582805-24582805_analysis_6	1	0	0	0	0	0	0	0	0	0	0	0
24583253-24583253_analysis_0	0	0	0	0	0	0	0	0	0	0	0	0
24583253-24583253_analysis_1	0	1	0	1	0	0	0	0	0	0	0	0
24583253-24583253_analysis_2	0	0	0	0	0	0	0	0	0	0	0	0
24583253-24583253_analysis_3	0	0	0	0	0	0	0	0	0	0	0	0
24583253-24583253_analysis_4	0	1	0	2	0	0	0	0	0	0	0	0
24726338-24726338_analysis_0	0	0	0	0	3	0	0	0	0	0	0	0
24726338-24726338_analysis_1	0	4	3	2	0	0	0	0	0	0	0	0
24726338-24726338_analysis_2	4	4	0	0	3	1	0	0	0	0	0	0
24726338-24726338_analysis_3	0	0	0	1	2	0	0	0	0	0	0	0
24726338-24726338_analysis_4	0	1	0	0	0	2	0	0	0	0	0	0
24726338-24726338_analysis_5	0	0	0	0	0	0	1	0	0	0	0	0
24772075-24772075_analysis_0	0	0	0	0	1	0	0	0	0	0	0	0
24772075-24772075_analysis_1	0	0	1	0	0	1	0	0	0	0	0	0
24772075-24772075_analysis_2	0	0	0	0	0	0	0	0	0	0	0	0
24772075-24772075_analysis_3	0	1	0	0	0	0	0	0	0	0	0	0
24772075-24772075_analysis_4	1	0	0	0	2	0	0	0	0	0	0	0
24772075-24772075_analysis_5	1	2	0	1	1	0	0	0	0	0	0	0
24772075-24772075_analysis_6	1	0	0	0	0	0	0	0	0	0	0	0
24814646-24814646_analysis_0	6	13	0	25	2	6	0	3	0	0	0	0
24814646-24814646_analysis_1	5	1	1	2	0	0	0	0	0	0	0	0
24814646-24814646_analysis_2	0	0	1	2	0	0	0	0	0	0	0	0
24814646-24814646_analysis_3	1	1	0	5	0	2	0	1	0	0	0	0
24814646-24814646_analysis_4	0	0	0	1	1	0	0	0	0	0	0	0
24824165-24824165_analysis_0	2	2	0	0	1	0	0	0	0	0	0	0
24824165-24824165_analysis_1	1	1	0	0	0	0	0	0	0	0	0	0
24825504-24825504_analysis_0	0	2	1	1	2	0	0	0	0	0	0	0
24825504-24825504_analysis_1	0	0	0	0	0	0	0	0	0	0	0	0
24825504-24825504_analysis_2	0	0	0	0	1	0	0	0	0	0	0	0
24825504-24825504_analysis_3	0	0	1	1	0	0	0	0	0	0	0	0
24834034-24834034_analysis_0	0	0	0	0	1	0	0	0	0	0	0	0
24834034-24834034_analysis_1	1	0	0	0	1	0	0	0	0	0	0	0
24834034-24834034_analysis_2	1	1	0	0	0	1	0	0	0	0	0	0
24834034-24834034_analysis_3	0	0	0	0	0	0	0	0	0	0	0	0
24834034-24834034_analysis_4	1	0	0	0	0	0	0	0	0	0	0	0
24842782-24842782_analysis_0	1	0	0	1	0	0	0	0	0	0	0	0
24842782-24842782_analysis_1	1	2	0	0	0	0	0	0	0	0	0	0
24842782-24842782_analysis_2	0	0	0	0	0	0	0	0	0	0	0	0
24936688-24936688_analysis_0	0	0	0	0	1	0	0	0	0	0	0	0
24936688-24936688_analysis_1	0	0	0	1	0	0	0	0	0	0	0	0
24936688-24936688_analysis_2	0	2	0	2	0	0	0	0	0	0	0	0
25118071-25118071_analysis_0	0	2	0	4	0	0	0	0	0	0	0	0
25281889-25281889_analysis_0	0	0	0	0	1	0	0	0	0	0	0	0
25281889-25281889_analysis_1	0	1	0	0	0	0	0	0	0	0	0	0
25281889-25281889_analysis_10	1	0	0	0	0	0	0	0	0	0	0	0
25281889-25281889_analysis_11	0	0	0	0	0	0	0	0	0	0	0	0
25281889-25281889_analysis_2	2	1	0	0	0	0	0	0	0	0	0	0
25281889-25281889_analysis_3	0	0	0	0	0	0	0	0	0	0	0	0
25281889-25281889_analysis_4	1	1	0	1	0	0	0	0	0	0	0	0
25281889-25281889_analysis_5	1	0	0	0	0	0	0	0	0	0	0	0
25281889-25281889_analysis_6	0	0	0	0	0	0	0	0	0	0	0	0
25281889-25281889_analysis_7	1	0	0	0	0	0	0	0	0	0	0	0
25281889-25281889_analysis_8	0	0	0	0	0	0	0	0	0	0	0	0
25281889-25281889_analysis_9	0	0	0	0	0	0	0	0	0	0	0	0
25315788-25315788_analysis_0	0	2	0	0	0	0	0	0	0	0	0	0
25315788-25315788_analysis_1	0	0	0	1	0	0	0	0	0	0	0	0
25315788-25315788_analysis_2	0	0	0	0	0	0	0	0	0	0	0	0
25534111-25534111_analysis_0	2	1	0	1	1	0	0	0	0	0	0	0
25534111-25534111_analysis_1	2	0	0	2	0	2	0	0	0	0	0	0
25534111-25534111_analysis_2	2	0	0	3	0	0	0	0	0	0	0	0
25534111-25534111_analysis_3	0	0	0	0	1	2	0	0	0	0	0	0
25640962-25640962_analysis_0	1	2	0	1	1	0	0	0	0	0	0	0
25640962-25640962_analysis_1	0	1	0	1	2	0	0	0	0	0	0	0
25640962-25640962_analysis_2	0	3	0	3	0	0	0	0	0	0	0	0
25640962-25640962_analysis_3	0	0	0	0	1	0	0	0	0	0	0	0
25640962-25640962_analysis_4	2	3	0	0	2	0	0	0	0	0	0	0
25697049-25697049_analysis_0	0	5	0	5	0	0	0	0	0	0	0	0
25697049-25697049_analysis_1	0	0	0	0	0	0	0	0	0	0	0	0
25697049-25697049_analysis_2	0	1	0	1	0	0	0	0	0	0	0	0
25697049-25697049_analysis_3	0	0	0	0	0	0	0	0	0	0	0	0
25697049-25697049_analysis_4	0	0	0	0	0	0	0	0	0	0	0	0
25697049-25697049_analysis_5	0	2	0	1	0	0	0	0	0	0	0	0
25697049-25697049_analysis_6	0	0	0	0	0	0	0	0	0	0	0	0
25716010-25716010_analysis_0	0	1	0	0	0	0	0	0	0	0	0	0
25716010-25716010_analysis_1	0	1	0	0	0	0	0	0	0	0	0	0
25716010-25716010_analysis_10	0	0	0	0	0	0	0	0	0	0	0	0
25716010-25716010_analysis_2	0	0	1	0	0	0	0	0	0	0	0	0
25716010-25716010_analysis_3	0	0	0	2	0	0	0	0	0	0	0	0
25716010-25716010_analysis_4	0	0	0	0	0	0	0	0	0	0	0	0
25716010-25716010_analysis_5	0	3	0	4	0	0	0	0	0	0	0	0
25716010-25716010_analysis_6	0	0	0	0	0	0	0	0	0	0	0	0
25716010-25716010_analysis_7	0	0	0	0	0	0	0	0	0	0	0	0
25716010-25716010_analysis_8	0	1	0	0	0	0	0	0	0	0	0	0
25716010-25716010_analysis_9	1	1	0	0	0	0	0	0	0	0	0	0
25729358-25729358_analysis_0	0	0	1	2	0	0	0	0	0	0	0	0
25729358-25729358_analysis_1	0	0	1	1	1	0	0	0	0	0	0	0
25729358-25729358_analysis_2	0	0	0	2	0	0	0	0	0	0	0	0
25729358-25729358_analysis_3	0	1	0	2	0	0	0	0	0	0	0	0
25729358-25729358_analysis_4	0	0	0	0	1	0	0	0	0	0	0	0
25729358-25729358_analysis_5	0	0	0	0	0	0	0	0	0	0	0	0
25911123-25911123_analysis_0	0	5	0	0	0	0	0	0	0	0	0	0
25911123-25911123_analysis_1	0	0	0	0	3	0	0	0	0	0	0	0
25929599-25929599_analysis_0	1	2	0	0	1	0	0	0	0	0	0	0
25929599-25929599_analysis_1	0	0	0	0	0	0	0	0	0	0	0	0
25929599-25929599_analysis_2	0	0	0	0	0	0	0	0	0	0	0	0
25929599-25929599_analysis_3	1	1	0	0	1	0	0	0	0	0	0	0
25929599-25929599_analysis_4	0	0	0	0	0	0	0	0	0	0	0	0
25996424-25996424_analysis_0	0	0	0	1	0	0	0	0	0	0	0	0
25996424-25996424_analysis_1	0	1	0	0	1	0	0	0	0	0	0	0
25996424-25996424_analysis_2	0	0	0	0	0	0	0	0	0	0	0	0
25996424-25996424_analysis_3	1	1	0	0	0	1	0	0	0	0	0	0
25996424-25996424_analysis_4	0	1	0	0	0	0	0	0	0	0	0	0
25996424-25996424_analysis_5	0	1	0	1	0	1	0	0	0	0	0	0
26143208-26143208_analysis_0	0	2	0	0	2	1	1	0	0	0	0	0
26143208-26143208_analysis_1	3	1	0	0	0	1	1	0	0	0	0	0
26235682-26235682_analysis_0	0	2	0	1	1	0	0	0	0	0	0	0
26235682-26235682_analysis_1	0	2	1	1	1	0	0	0	0	0	0	0
26235682-26235682_analysis_2	0	1	1	1	1	0	0	0	0	0	0	0
26235682-26235682_analysis_3	0	0	0	0	0	0	0	0	0	0	0	0
26235682-26235682_analysis_4	0	0	0	0	0	0	0	0	0	0	0	0
26254589-26254589_analysis_0	2	4	0	0	3	0	0	0	0	0	0	0
26254589-26254589_analysis_1	0	3	3	6	1	0	0	2	0	0	0	0
26254589-26254589_analysis_2	2	3	1	1	1	0	0	1	0	0	0	0
26254589-26254589_analysis_3	1	5	1	4	3	0	0	1	0	0	0	0
26254589-26254589_analysis_4	2	5	0	0	1	0	0	0	0	0	0	0
26254589-26254589_analysis_5	0	4	1	4	4	0	0	0	0	0	0	0
26262561-26262561_analysis_0	0	1	0	1	0	1	0	0	0	0	0	0
26301900-26301900_analysis_0	1	0	0	2	0	0	0	0	0	0	0	0
26301900-26301900_analysis_1	0	0	0	5	2	0	0	0	0	0	0	0
26323252-26323252_analysis_0	0	0	0	0	0	1	0	0	0	0	0	0
26323252-26323252_analysis_1	1	0	0	2	0	0	0	0	0	0	0	0
26323252-26323252_analysis_2	0	0	0	1	0	0	0	0	0	0	0	0
26323252-26323252_analysis_3	0	0	0	1	0	0	0	0	0	0	0	0
26323252-26323252_analysis_4	0	0	0	0	0	0	0	0	0	0	0	0
26365506-26365506_analysis_0	0	1	0	1	2	1	0	0	0	0	0	0
26365506-26365506_analysis_1	0	1	0	1	0	0	1	0	0	0	0	0
26417673-26417673_analysis_0	2	0	0	0	0	0	1	0	0	0	0	0
26417673-26417673_analysis_1	1	1	0	2	0	0	1	0	0	0	0	0
26417673-26417673_analysis_2	0	0	0	0	1	1	0	1	0	0	0	0
26481048-26481048_analysis_0	0	1	1	6	5	0	0	0	0	0	0	0
26481048-26481048_analysis_1	0	2	2	9	3	0	0	0	0	0	0	0
26481048-26481048_analysis_2	1	0	0	0	0	0	0	0	0	0	0	0
26481048-26481048_analysis_3	0	0	0	1	0	0	0	0	0	0	0	0
26505303-26505303_analysis_0	0	0	0	0	0	0	0	0	0	0	0	0
26505303-26505303_analysis_1	0	2	0	0	0	1	0	0	0	0	0	0
26505303-26505303_analysis_2	0	3	0	2	2	0	0	0	0	0	0	0
26505303-26505303_analysis_3	0	1	0	0	0	0	0	0	0	0	0	0
26567160-26567160_analysis_0	1	2	1	2	1	0	0	1	0	0	0	0
26567160-26567160_analysis_1	1	1	1	1	1	0	0	1	0	0	0	0
26567160-26567160_analysis_2	1	1	0	2	1	0	0	1	0	0	0	0
26567160-26567160_analysis_3	0	0	0	0	0	0	0	0	0	0	0	0
26567160-26567160_analysis_4	0	1	0	0	0	0	0	0	0	0	0	0
26567160-26567160_analysis_5	0	0	0	0	0	0	0	0	0	0	0	0
26567160-26567160_analysis_6	0	0	0	0	0	0	0	0	0	0	0	0
26803059-26803059_analysis_0	2	6	1	4	3	1	0	0	0	0	0	0
26803059-26803059_analysis_1	0	0	0	0	0	0	0	0	0	0	0	0
26803059-26803059_analysis_2	5	2	0	1	2	1	0	0	1	0	0	0
26803059-26803059_analysis_3	0	1	0	0	1	2	0	0	0	0	0	0
26803059-26803059_analysis_4	0	0	0	0	0	0	0	0	0	0	0	0
26803059-26803059_analysis_5	0	0	0	0	0	0	1	0	0	0	0	0
26803059-26803059_analysis_6	0	1	0	0	1	0	0	0	0	0	0	0
26803059-26803059_analysis_7	0	1	0	0	1	0	0	0	0	0	0	0
26803059-26803059_analysis_8	0	0	0	0	0	0	0	0	0	0	0	0
26803059-26803059_analysis_9	0	0	0	0	0	1	0	0	0	0	0	0
26812250-26812250_analysis_0	1	0	0	0	0	0	0	0	0	0	0	0
26812250-26812250_analysis_1	0	0	0	0	0	0	0	0	0	0	0	0
26812250-26812250_analysis_10	0	0	0	0	0	0	0	0	0	0	0	0
26812250-26812250_analysis_2	0	1	0	0	0	0	0	0	0	0	0	0
26812250-26812250_analysis_3	0	0	0	0	1	0	0	0	0	0	0	0
26812250-26812250_analysis_4	0	0	0	0	0	0	0	0	0	0	0	0
26812250-26812250_analysis_5	0	1	0	0	0	0	0	0	0	0	0	0
26812250-26812250_analysis_6	0	0	0	0	0	0	0	0	0	0	0	0
26812250-26812250_analysis_7	0	1	0	1	0	0	0	0	0	0	0	0
26812250-26812250_analysis_8	0	1	0	0	0	0	0	0	0	0	0	0
26812250-26812250_analysis_9	0	0	0	1	0	0	0	0	0	0	0	0
26892859-26892859_analysis_0	0	4	0	6	3	0	0	0	0	0	0	0
26892859-26892859_analysis_1	0	0	0	1	2	0	0	0	0	0	0	0
26892859-26892859_analysis_2	0	0	0	1	2	0	0	0	0	0	0	0
26908320-26908320_analysis_0	0	0	0	0	0	0	0	0	0	0	0	0
26908320-26908320_analysis_1	0	0	0	0	0	0	0	0	0	0	0	0
26908320-26908320_analysis_2	1	0	0	3	0	0	0	0	0	0	0	0
26908320-26908320_analysis_3	0	0	0	0	0	0	0	0	0	0	0	0
26908320-26908320_analysis_4	0	0	0	0	0	0	0	0	0	0	0	0
26908320-26908320_analysis_5	0	1	0	1	0	0	0	0	0	0	0	0
27039141-27039141_analysis_0	0	2	0	0	0	0	0	0	0	0	0	0
27039141-27039141_analysis_1	0	1	0	1	0	0	0	0	0	0	0	0
27039141-27039141_analysis_2	0	1	1	0	1	0	0	0	0	0	0	0
27039141-27039141_analysis_3	0	1	0	0	1	0	0	0	0	0	0	0
27090501-27090501_analysis_0	2	0	0	0	0	0	0	0	0	0	0	0
27095057-27095057_analysis_0	0	0	1	1	1	0	0	0	0	0	0	0
27095057-27095057_analysis_1	0	0	0	1	0	0	0	0	0	0	0	0
27095057-27095057_analysis_2	0	1	1	0	3	0	0	0	0	0	0	0
27095057-27095057_analysis_3	0	1	0	0	0	0	0	0	0	0	0	0
27096431-27096431_analysis_0	1	0	0	0	0	0	0	0	0	0	0	0
27096431-27096431_analysis_1	0	0	0	1	0	0	0	0	0	0	0	0
27096431-27096431_analysis_10	0	1	0	0	0	0	0	0	0	0	0	0
27096431-27096431_analysis_11	0	0	0	0	0	0	0	0	0	0	0	0
27096431-27096431_analysis_12	0	0	0	0	0	0	0	0	0	0	0	0
27096431-27096431_analysis_13	0	0	0	0	0	0	0	0	0	0	0	0
27096431-27096431_analysis_2	2	1	1	1	0	0	0	0	0	0	0	0
27096431-27096431_analysis_3	0	1	0	1	0	0	0	0	0	0	0	0
27096431-27096431_analysis_4	0	0	0	0	0	0	0	0	0	0	0	0
27096431-27096431_analysis_5	0	0	0	0	0	0	0	0	0	0	0	0
27096431-27096431_analysis_6	0	0	0	0	0	0	0	0	0	0	0	0
27096431-27096431_analysis_7	0	1	0	0	0	0	0	0	0	0	0	0
27096431-27096431_analysis_8	0	0	0	0	0	0	0	0	0	0	0	0
27096431-27096431_analysis_9	0	0	0	0	0	0	0	0	0	0	0	0
27236373-27236373_analysis_0	0	2	0	1	0	1	0	0	0	0	0	0
27236373-27236373_analysis_1	0	1	1	1	0	0	0	0	0	0	0	0
27236373-27236373_analysis_2	0	0	1	2	0	0	0	0	0	0	0	0
27236373-27236373_analysis_3	0	2	1	1	1	0	0	0	0	0	0	0
27236373-27236373_analysis_4	0	2	1	1	1	0	0	0	0	0	0	0
27236373-27236373_analysis_5	0	0	0	0	0	0	0	0	0	0	0	0
27236373-27236373_analysis_6	0	0	1	0	0	0	0	0	0	0	0	0
27236373-27236373_analysis_7	0	0	0	0	0	0	0	0	0	0	0	0
27375449-27375449_analysis_0	0	0	0	0	0	0	0	0	0	0	0	0
27375449-27375449_analysis_1	0	1	0	0	0	0	0	0	0	0	0	0
27375449-27375449_analysis_2	0	0	0	0	0	0	0	0	0	0	0	0
27375449-27375449_analysis_3	0	0	0	0	0	0	0	0	0	0	0	0
27375449-27375449_analysis_4	0	0	0	0	0	0	0	0	0	0	0	0
27375449-27375449_analysis_5	0	0	0	0	0	0	0	0	0	0	0	0
27375449-27375449_analysis_6	0	0	0	1	0	0	0	0	0	0	0	0
27477020-27477020_analysis_0	0	0	1	0	1	0	0	0	0	0	0	0
27477020-27477020_analysis_1	0	0	0	0	0	0	0	0	0	0	0	0
27494142-27494142_analysis_0	0	0	0	1	2	0	0	0	0	0	0	0
27494142-27494142_analysis_1	0	0	0	0	0	0	0	0	0	0	0	0
27494142-27494142_analysis_2	0	0	0	0	0	0	0	0	0	0	0	0
27494142-27494142_analysis_3	0	0	0	0	0	0	0	0	0	0	0	0
27494142-27494142_analysis_4	0	0	0	0	0	0	0	0	0	0	0	0
27494142-27494142_analysis_5	0	0	0	0	0	0	0	0	0	0	0	0
27568587-27568587_analysis_0	0	0	0	0	0	0	0	0	0	0	0	0
27622781-27622781_analysis_0	0	0	0	0	0	0	0	0	0	0	0	0
27622781-27622781_analysis_1	0	0	0	1	2	0	0	0	0	0	0	0
27622781-27622781_analysis_2	0	1	0	1	2	0	0	0	0	0	0	0
27622781-27622781_analysis_3	0	0	0	0	0	0	0	0	0	0	0	0
27622781-27622781_analysis_4	2	1	0	1	0	0	0	0	0	0	0	0
27622781-27622781_analysis_5	0	2	0	0	0	0	0	0	0	0	0	0
28477977-28477977_analysis_0	0	0	0	0	1	0	0	0	0	0	0	0
28477977-28477977_analysis_1	0	1	0	2	0	0	0	0	0	0	0	0
28477977-28477977_analysis_2	0	0	0	2	0	0	0	0	0	0	0	0
28477977-28477977_analysis_3	1	2	0	0	2	0	0	0	0	0	0	0
28477977-28477977_analysis_4	4	0	0	0	0	0	0	0	0	0	0	0
28477977-28477977_analysis_5	0	0	0	0	0	0	0	0	0	0	0	0
28477977-28477977_analysis_6	1	2	0	4	1	0	0	0	0	0	0	0
28477977-28477977_analysis_7	0	1	0	4	0	0	0	0	0	0	0	0
28504911-28504911_analysis_0	0	2	1	1	1	0	0	0	0	0	0	0
28504911-28504911_analysis_1	0	1	1	2	1	0	0	0	0	0	0	0
28504911-28504911_analysis_2	0	0	1	0	0	0	0	0	0	0	0	0
28504911-28504911_analysis_3	0	2	0	0	1	0	0	0	0	0	0	0
28504911-28504911_analysis_4	1	1	0	0	1	0	0	0	0	0	0	0
28905269-28905269_analysis_0	3	0	0	0	0	0	0	0	0	0	0	0
28905269-28905269_analysis_1	0	1	0	1	0	0	0	0	0	0	0	0
28931014-28931014_analysis_0	0	2	0	0	0	1	0	0	0	0	0	0
28931014-28931014_analysis_1	0	1	0	0	0	0	0	0	0	0	0	0
29039129-29039129_analysis_0	0	0	0	0	0	1	0	0	0	0	0	0
29039129-29039129_analysis_1	0	0	0	0	0	0	0	0	0	0	0	0
29079809-29079809_analysis_0	0	1	0	1	1	0	0	0	0	0	0	0
29079809-29079809_analysis_1	1	2	0	2	1	0	0	0	0	0	0	0
29079809-29079809_analysis_2	1	3	0	0	1	1	0	0	0	0	0	0
29097704-29097704_analysis_0	0	0	0	0	0	0	0	0	0	0	0	0
29097704-29097704_analysis_1	0	0	0	0	0	0	0	0	0	0	0	0
29097704-29097704_analysis_10	0	0	0	0	0	0	0	0	0	0	0	0
29097704-29097704_analysis_11	0	2	0	0	0	0	0	0	0	0	0	0
29097704-29097704_analysis_12	0	0	0	0	0	0	0	0	0	0	0	0
29097704-29097704_analysis_13	0	0	0	0	0	0	0	0	0	0	0	0
29097704-29097704_analysis_2	0	2	0	1	1	0	0	0	0	0	0	0
29097704-29097704_analysis_3	1	0	0	0	1	0	0	0	0	0	0	0
29097704-29097704_analysis_4	0	2	0	0	0	0	0	0	0	0	0	0
29097704-29097704_analysis_5	0	0	0	0	0	0	0	0	0	0	0	0
29097704-29097704_analysis_6	0	0	0	0	0	0	0	0	0	0	0	0
29097704-29097704_analysis_7	0	0	0	0	0	0	0	0	0	0	0	0
29097704-29097704_analysis_8	0	2	0	0	0	0	0	0	0	0	0	0
29097704-29097704_analysis_9	0	0	0	0	0	0	0	0	0	0	0	0
29221830-29221830_analysis_0	0	3	2	1	3	0	0	0	0	0	0	0
29221830-29221830_analysis_1	0	2	0	1	0	0	0	0	0	0	0	0
29221830-29221830_analysis_2	0	0	0	1	1	0	0	0	0	0	0	0
29221830-29221830_analysis_3	4	2	0	1	0	1	0	0	0	0	0	0
29221830-29221830_analysis_4	2	2	0	2	0	0	0	0	0	0	0	0
29221830-29221830_analysis_5	3	3	0	3	1	1	0	0	0	0	0	0
29265483-29265483_analysis_0	3	1	1	4	2	0	1	0	0	0	0	0
29265483-29265483_analysis_1	0	3	0	1	0	1	0	0	0	0	0	0
29265483-29265483_analysis_2	0	0	2	0	2	0	0	1	0	0	0	0
29265483-29265483_analysis_3	0	1	0	0	1	0	0	0	0	0	0	0
29324862-29324862_analysis_0	0	0	0	2	1	0	0	0	0	0	0	0
29324862-29324862_analysis_1	0	1	0	0	1	0	0	0	0	0	0	0
29324862-29324862_analysis_2	0	2	0	2	1	0	0	0	0	0	0	0
29324862-29324862_analysis_3	0	1	0	1	1	0	1	0	0	0	0	0
29324862-29324862_analysis_4	0	0	0	0	1	1	0	0	0	0	0	0
29324862-29324862_analysis_5	0	0	0	0	0	0	0	0	0	0	0	0
29324862-29324862_analysis_6	0	0	0	0	0	0	0	0	0	0	0	0
29330483-29330483_analysis_0	0	0	0	1	0	0	0	0	0	0	0	0
29330483-29330483_analysis_1	0	0	0	0	0	0	0	0	0	0	0	0
29330483-29330483_analysis_10	0	2	0	3	0	0	0	0	0	0	0	0
29330483-29330483_analysis_11	0	0	0	0	0	0	0	0	0	0	0	0
29330483-29330483_analysis_2	0	2	0	5	0	0	0	0	0	0	0	0
29330483-29330483_analysis_3	0	2	0	1	0	0	0	0	0	0	0	0
29330483-29330483_analysis_4	0	1	0	2	0	0	0	0	0	0	0	0
29330483-29330483_analysis_5	0	0	0	0	0	0	0	0	0	0	0	0
29330483-29330483_analysis_6	0	1	0	1	0	0	0	0	0	0	0	0
29330483-29330483_analysis_7	0	0	0	0	0	0	0	0	0	0	0	0
29330483-29330483_analysis_8	0	0	0	0	0	0	0	0	0	0	0	0
29330483-29330483_analysis_9	0	0	0	0	0	0	0	0	0	0	0	0
29432769-29432769_analysis_0	0	0	0	0	1	0	0	0	0	0	0	0
29432769-29432769_analysis_1	0	0	1	0	1	0	0	0	0	0	0	0
29432769-29432769_analysis_10	0	0	0	0	0	0	0	0	0	0	0	0
29432769-29432769_analysis_2	0	0	0	0	0	0	0	0	0	0	0	0
29432769-29432769_analysis_3	0	0	0	1	0	0	0	0	0	0	0	0
29432769-29432769_analysis_4	0	1	0	0	0	0	0	0	0	0	0	0
29432769-29432769_analysis_5	0	0	0	0	0	0	0	0	0	0	0	0
29432769-29432769_analysis_6	0	0	0	0	0	0	0	0	0	0	0	0
29432769-29432769_analysis_7	0	0	0	0	0	0	0	0	0	0	0	0
29432769-29432769_analysis_8	0	0	0	0	0	0	0	0	0	0	0	0
29432769-29432769_analysis_9	0	0	0	0	0	0	0	0	0	0	0	0
29582502-29582502_analysis_0	3	1	0	0	2	2	0	0	0	0	0	0
29582502-29582502_analysis_1	0	0	0	0	0	0	0	0	0	0	0	0
29582502-29582502_analysis_2	1	0	0	0	0	0	0	0	0	0	0	0
29582502-29582502_analysis_3	0	0	0	0	0	0	0	0	0	0	0	0
29582502-29582502_analysis_4	0	0	0	0	0	0	0	0	0	0	0	0
29582502-29582502_analysis_5	0	0	0	0	0	0	0	0	0	0	0	0
29723244-29723244_analysis_0	2	2	1	3	2	0	1	0	0	0	0	0
29740753-29740753_analysis_0	0	2	0	6	0	0	0	0	0	0	0	0
29740753-29740753_analysis_1	1	4	0	6	0	0	0	0	0	0	0	0
29740753-29740753_analysis_2	0	6	0	13	0	0	0	0	0	0	0	0
29777673-29777673_analysis_0	0	0	0	0	0	0	0	0	0	0	0	0
29777673-29777673_analysis_1	0	0	0	0	1	0	0	0	0	0	0	0
29777673-29777673_analysis_2	0	0	0	0	1	0	0	0	0	0	0	0
29777673-29777673_analysis_3	0	0	0	0	0	0	0	0	0	0	0	0
29777673-29777673_analysis_4	0	0	0	0	0	0	0	0	0	0	0	0
29777673-29777673_analysis_5	1	1	0	0	0	0	0	0	0	0	0	0
29777673-29777673_analysis_6	0	1	0	0	0	0	0	0	0	0	0	0
29890323-29890323_analysis_0	1	4	0	5	1	0	0	0	0	0	0	0
29890323-29890323_analysis_1	0	0	0	0	0	0	0	0	0	0	0	0
29890323-29890323_analysis_2	0	1	0	2	0	0	0	0	0	0	0	0
29890323-29890323_analysis_3	0	0	0	0	1	0	0	0	0	0	0	0
29890323-29890323_analysis_4	3	0	0	5	0	0	0	0	0	0	0	0
29890323-29890323_analysis_5	0	1	1	1	0	0	0	0	0	0	0	0
30056560-30056560_analysis_0	0	2	1	3	1	0	0	0	0	0	0	0
30056560-30056560_analysis_1	0	1	2	0	0	0	0	0	0	0	0	0
30077577-30077577_analysis_0	0	1	1	1	1	0	0	0	0	0	0	0
30272134-30272134_analysis_0	0	4	0	4	0	0	0	0	0	0	0	0
30272134-30272134_analysis_1	0	0	0	1	0	0	0	0	0	0	0	0
30272134-30272134_analysis_2	1	4	0	1	0	0	0	0	0	0	0	0
30349467-30349467_analysis_0	0	2	0	0	0	0	0	0	0	0	0	0
30349467-30349467_analysis_1	0	0	0	0	0	0	0	0	0	0	0	0
30349467-30349467_analysis_2	1	0	0	0	1	1	0	0	0	0	0	0
30349467-30349467_analysis_3	0	2	2	3	0	0	0	0	0	0	0	0
30349467-30349467_analysis_4	0	0	0	0	1	0	0	0	0	0	0	0
30349467-30349467_analysis_5	0	0	0	0	0	0	0	0	0	0	0	0
30349467-30349467_analysis_6	0	0	0	1	1	0	0	0	0	0	0	0
30649548-30649548_analysis_0	2	1	1	0	5	0	0	0	0	0	0	0
30649548-30649548_analysis_1	2	1	0	0	4	0	0	0	0	0	0	0
30649548-30649548_analysis_2	0	0	0	6	0	0	0	0	0	0	0	0
30649548-30649548_analysis_3	0	1	0	1	1	0	0	0	0	0	0	0
30649548-30649548_analysis_4	1	0	0	0	0	2	0	0	0	0	0	0
30649548-30649548_analysis_5	0	4	0	0	3	0	0	0	0	0	0	0
31056647-31056647_analysis_0	1	0	0	0	0	0	0	0	0	0	0	0
31056647-31056647_analysis_1	0	1	0	0	0	0	0	0	0	0	0	0
31056647-31056647_analysis_2	0	0	0	0	1	0	0	0	0	0	0	0
31090126-31090126_analysis_0	3	5	1	10	1	0	2	0	0	0	0	0
31090126-31090126_analysis_1	0	0	0	0	0	0	0	0	0	0	0	0
31090126-31090126_analysis_2	0	0	0	0	0	0	0	0	0	0	0	0
31090126-31090126_analysis_3	0	0	0	0	0	0	0	0	0	0	0	0
31090126-31090126_analysis_4	1	0	0	2	0	0	0	0	0	0	0	0
31142792-31142792_analysis_0	1	0	0	1	0	0	0	0	0	0	0	0
31142792-31142792_analysis_1	0	0	0	0	1	0	0	0	0	0	0	0
31598216-31598216_analysis_0	1	1	0	1	1	0	0	0	0	0	0	0
31598216-31598216_analysis_1	0	0	0	0	0	0	0	0	0	0	0	0
31598216-31598216_analysis_2	0	1	0	1	0	0	0	0	0	0	0	0
31598216-31598216_analysis_3	0	2	0	1	0	0	0	1	0	0	0	0
31598216-31598216_analysis_4	0	0	0	0	1	0	0	0	0	0	0	0
31598216-31598216_analysis_5	2	0	0	1	0	0	0	1	0	0	0	0
31598216-31598216_analysis_6	0	0	0	0	1	0	0	0	0	0	0	0
